-- 1. ÜRÜNLERİ EKLE
INSERT INTO "Products" ("Id", "AnimalType", "Name", "Price", "StockQuantity", "ProductType", "ImageUrl", "Description") VALUES 
(1, 'lion', 'aslan eti', 123214.00, 122, 'Yem', 'https://images.pexels.com/photos/65175/pexels-photo-65175.jpeg?auto=compress&cs=tinysrgb&w=600', 'Yüksek proteinli ve vitaminli bu yem, hayvanınızın günlük enerji ihtiyacını karşılar. Veteriner onaylıdır.'),
(3, 'lion', 'Premium Aslan Vitamini (5kg)', 1250.00, 17, 'Bakım', 'https://m.media-amazon.com/images/I/71-d7HiiO4L._AC_UF350,350_QL80_.jpg', 'Premium Aslan Vitamini (5kg) - Bu ürün lion türü dostlarınız için özel olarak üretilmiştir. Yüksek kaliteli malzemeden üretilmiş olup, Bakım kategorisinin en çok tercih edilen ürünlerindendir.'),
(4, 'lion', 'Büyük Kedi Tırmalama Kütüğü', 3500.00, 0, 'Oyuncak', 'https://raikou.com.tr/cdn/shop/files/sfhgfddhdfhgdhfdghsfgasdf.jpg?v=1737454280', 'Bu devasa tırmalama kütüğü, büyük kedilerin pençelerini törpülemesi ve stres atması için idealdir. Doğal ahşaptan üretilmiştir.'),
(5, 'lion', 'Güçlendirilmiş Et Takviyesi', 850.50, 48, 'Yem', 'https://productimages.hepsiburada.net/s/33/375-375/10416709435442.jpg', 'Yüksek proteinli ve vitaminli bu yem, hayvanınızın günlük enerji ihtiyacını karşılar. Veteriner onaylıdır.'),
(6, 'parrot', 'Tropikal Meyve Karışımlı Yem', 150.00, 100, 'Yem', 'https://images.pexels.com/photos/1132047/pexels-photo-1132047.jpeg?auto=compress&cs=tinysrgb&w=600', 'Yüksek proteinli ve vitaminli bu yem, hayvanınızın günlük enerji ihtiyacını karşılar. Veteriner onaylıdır.'),
(7, 'parrot', 'Doğal Ahşap Tünek (Büyük Boy)', 220.00, 40, 'Aksesuar', 'https://cdn.dsmcdn.com/mnresize/420/620/ty1723/prod/QC_ENRICHMENT/20250810/00/84434498-a209-33ef-a803-10feb7806297/1_org_zoom.jpg', 'Doğal Ahşap Tünek (Büyük Boy) - Bu ürün parrot türü dostlarınız için özel olarak üretilmiştir. Yüksek kaliteli malzemeden üretilmiş olup, Aksesuar kategorisinin en çok tercih edilen ürünlerindendir.');
-- (Diğer tüm ürünleri buraya ekliyorum, script çok uzun olmasın diye toplu insert mantığıyla aşağı devam ediyor...)

INSERT INTO "Products" ("Id", "AnimalType", "Name", "Price", "StockQuantity", "ProductType", "ImageUrl", "Description") VALUES
(8, 'parrot', 'Zeka Geliştirici Renkli Halka', 95.90, 60, 'Oyuncak', 'https://productimages.hepsiburada.net/s/35/375-375/10471136165938.jpg', 'Oyuncak kategorisinin en çok tercih edilen ürünlerindendir.'),
(9, 'snake', 'Teraryum Isıtıcı Ped (20W)', 450.00, 30, 'Aksesuar', 'https://productimages.hepsiburada.net/s/777/375-375/110000664935938.jpg', 'Aksesuar kategorisinin en çok tercih edilen ürünlerindendir.'),
(10, 'snake', 'Doğal Görünümlü Saklanma Mağarası', 320.00, 25, 'Aksesuar', 'https://m.media-amazon.com/images/I/91yx6HZAkaL._UF1000,1000_QL80_.jpg', 'Aksesuar kategorisinin en çok tercih edilen ürünlerindendir.'),
(11, 'turtle', 'Kurutulmuş Karides Yemi (500gr)', 85.00, 150, 'Yem', 'https://s.alicdn.com/@sc04/kf/U2cac1eb752344d7dbc2a0af50bdbba19L/Wellnes-Seafood-Premium-Baby-Shrimp-Small-Dried-Shrimp-Fish-Food-Prawns-84765149122.jpg_300x300.jpg', 'Yüksek proteinli ve vitaminli bu yem.'),
(12, 'turtle', 'UVB Lamba ve Isıtıcı Seti', 600.00, 15, 'Bakım', 'https://encrypted-tbn0.gstatic.com/images?q=tbn:ANd9GcT52ecauhLd6trSIKG3fOzhnQTu2ClqroDCww&s', 'Bakım kategorisinin en çok tercih edilen ürünlerindendir.'),
(13, 'tiger', 'Güçlendirilmiş Çelik Kafes Paneli', 5000.00, 5, 'Kafes', 'https://encrypted-tbn0.gstatic.com/images?q=tbn:ANd9GcQJCI7FoysnhSVvE-E0VX_lOVMd_9_RhmBWOQ&s', 'Kafes kategorisinin en çok tercih edilen ürünlerindendir.'),
(14, 'tiger', 'Dev Kedi Tırmalama Ağacı (Endüstriyel)', 3500.00, 8, 'Oyuncak', 'https://www.hediyemen.com/Data/Blog/915.jpg', 'Doğal ahşaptan üretilmiştir.'),
(15, 'tiger', 'Protein Deposu Çiğ Et (10kg)', 1800.00, 40, 'Yem', 'https://iasbh.tmgrup.com.tr/6dc3a9/1200/627/0/253/1758/1172?u=https://isbh.tmgrup.com.tr/sbh/2022/02/04/cig-et-tuketimine-son-verin-1644007775725.jpeg', 'Yüksek proteinli yem.'),
(16, 'elephant', 'Hortum Yıkama ve Bakım Fırçası', 450.00, 15, 'Bakım', 'https://m.media-amazon.com/images/I/51v4lH4rBCL.jpg', 'Bakım ürünü.'),
(17, 'elephant', 'Devasa Futbol Topu (Dayanıklı)', 1200.00, 10, 'Oyuncak', 'https://www.zuzu.com/images_buyuk/f43/Dev-Sisme-Futbol-Topu-183-cm_32643_1.jpg', 'Oyuncak.'),
(18, 'elephant', 'Yüksek Lifli Yonca Balyası', 250.00, 100, 'Yem', 'https://s.alicdn.com/@sc04/kf/A1a1ccce8a0df43ffb1cfe94863d65dc10/Premium-Alfalfa-Hay-Pellets-for-Dog-Pig-Fish-Double-compressed-Bales-High-Quality-Animal-Feed.jpg_300x300.jpg', 'Yem.'),
(19, 'eagle', 'Deri Eğitim Eldiveni (Profesyonel)', 850.00, 25, 'Aksesuar', 'https://www.aramakurtarma.net/wp-content/uploads/2020/05/PETZL-CORDEX-Deri-Eldiven.jpeg', 'Aksesuar.'),
(20, 'eagle', 'GPS Takip Cihazı (Kuş Uyumlu)', 3200.00, 10, 'Aksesuar', 'https://productimages.hepsiburada.net/s/518/375-375/110000573917820.jpg', 'Aksesuar.'),
(21, 'eagle', 'Yüksek Kalite Tünek (Doğal Ağaç)', 300.00, 30, 'Kafes', 'https://productimages.hepsiburada.net/s/172/375-375/110000134910112.jpg', 'Kafes.'),
(22, 'bear', 'Somon Aromalı Bal Takviyesi', 650.00, 50, 'Yem', 'https://productimages.hepsiburada.net/s/181/300-443/110000145896530.jpg', 'Yem.'),
(23, 'bear', 'Havuz Suyu Filtreleme Sistemi', 8500.00, 2, 'Bakım', 'https://image.made-in-china.com/202f0j00DBhbFOcMGPqN/Pool-Filter-Pump-Swimming-Pool-Sand-Filter-and-Pump-Water-Filtration-System.webp', 'Bakım.'),
(24, 'bear', 'Sakinleştirici Hamak (Büyük Boy)', 1500.00, 7, 'Aksesuar', 'https://cdn.cimri.io/image/1200x1200/baby-plus-relax-bej-hamak_804138233.jpg', 'Aksesuar.'),
(25, 'monkey', 'Zeka Geliştirici Bulmaca Kutusu', 450.00, 60, 'Oyuncak', 'https://s.alicdn.com/@sc04/kf/Hb6cc93cec0a8476689d7647b8c52778b0/Wood-Puzzle-Educational-Toy-for-Kids-and-Adults-Brain-Teaser-Game-in-Attractive-Box-Packaging-for-Preschoolers.jpg_300x300.jpg', 'Oyuncak.'),
(26, 'monkey', 'Tropikal Meyve Karışımı', 120.00, 150, 'Yem', 'https://images.pexels.com/photos/1092730/pexels-photo-1092730.jpeg?auto=compress&cs=tinysrgb&w=600', 'Yem.'),
(27, 'monkey', 'Tırmanma Halatları Seti', 350.00, 40, 'Aksesuar', 'https://productimages.hepsiburada.net/s/777/375-375/110000691658782.jpg', 'Aksesuar.'),
(28, 'fox', 'Gizlenme Tüneli', 280.00, 35, 'Oyuncak', 'https://s.alicdn.com/@sc04/kf/H4a63f69186d04525b584defdcbccfe5fV/Pet-Garden-Products-Wholesale-Pet-Toys-2-Holes-Play-Tubes-Tunnel-with-Toys-for-Puppy-Ferrets-Rabbit-Cat-for-Pet-Cat.jpg', 'Oyuncak.'),
(29, 'fox', 'Kümes Hayvanlı Premium Mama', 400.00, 80, 'Yem', 'https://productimages.hepsiburada.net/s/777/375-375/110000767705339.jpg', 'Yem.'),
(30, 'fox', 'Tüy Bakım Tarağı', 75.00, 60, 'Bakım', 'https://productimages.hepsiburada.net/s/777/375-375/110001160432056.jpg', 'Bakım.'),
(31, 'shark', 'Akvaryum Su Soğutucu Ünite', 12000.00, 2, 'Bakım', 'https://encrypted-tbn0.gstatic.com/images?q=tbn:ANd9GcSNyi9QpBFSus1m4OsVatM_00y_ke-Y3YvgVg&s', 'Bakım.'),
(32, 'shark', 'Dondurulmuş Bütün Kalamar', 950.00, 20, 'Yem', 'https://encrypted-tbn0.gstatic.com/images?q=tbn:ANd9GcRgp0_1tC2KRNvTID7WGazRJ8mWYnKs_vESAQ&s', 'Yem.'),
(33, 'shark', 'Yapay Mercan Resifi Dekoru', 600.00, 15, 'Aksesuar', 'https://productimages.hepsiburada.net/s/777/375-375/110000722566903.jpg', 'Aksesuar.'),
(34, 'snake', 'Nem Ölçer (Hygrometer)', 150.00, 100, 'Bakım', 'https://productimages.hepsiburada.net/s/56/375-375/11247949185074.jpg', 'Bakım.'),
(35, 'snake', 'Canlı Yem Tutucu Maşa', 120.00, 50, 'Aksesuar', 'https://productimages.hepsiburada.net/s/777/375-375/110000660703842.jpg', 'Aksesuar.'),
(36, 'owl', 'Gece Görüşlü Kafes Kamerası', 1800.00, 10, 'Aksesuar', 'https://www.antenci.net/shop/gr/65/myassets/products/008/powermaster-26mm-ledli-geri-vites-kamerasi-pm-4942.jpg?revision=1697143329', 'Aksesuar.'),
(37, 'owl', 'Dondurulmuş Fare Paketi (20li)', 400.00, 30, 'Yem', 'https://s.alicdn.com/@sc04/kf/Hd159407ce5ee4cbcaeaef8c670afc87fR/Farm-Breed-Frozen-Mice-and-Rats-for-Pet-Snakes-Lizards-Frogs-Turtles-Crocodiles-Foxes-Hawks-Skinks-Spiders-Cats.png_300x300.jpg', 'Yem.'),
(38, 'turtle', 'Güneşlenme Platformu (Yüzen)', 250.00, 45, 'Aksesuar', 'https://encrypted-tbn0.gstatic.com/images?q=tbn:ANd9GcRGGCuCBGkWe8vUeBA1z_dCIV2ecDpWFB8xvg&s', 'Aksesuar.'),
(39, 'turtle', 'Kalsiyum Bloğu', 45.00, 200, 'Bakım', 'https://productimages.hepsiburada.net/s/253/375-375/110000235916318.jpg', 'Bakım.'),
(40, 'lion', 'Premium Aslan Vitamini', 450.00, 50, 'Bakım', 'https://s.alicdn.com/@sc04/kf/H2a184b6156674532b16e894df8abfe0ez/Wholesale-Supplement-Lions-Mane-Mushroom-Cognition-Capsules-Brain-Vitamins-Lions-Mane-Mushroom-Capsules-for-Brain-Support.png_300x300.jpg', 'Bakım.'),
(41, 'tiger', 'Kaplan İçin Çiğ Et Bloğu (20kg)', 2100.00, 30, 'Yem', 'https://i.turkiyegazetesi.com.tr/images/haberler/2022_04/buyuk/bunu-da-yaptilar-kaplan-eti-piyasaya-surulecek-1649667335.jpg', 'Yem.'),
(42, 'leopard', 'Leopar Tırmanma Ağacı', 3200.00, 10, 'Aksesuar', 'https://encrypted-tbn0.gstatic.com/images?q=tbn:ANd9GcSxfeALVYbHWo8xcxCqyJPoYogJq9Lnu9YvAQ&s', 'Aksesuar.'),
(43, 'cheetah', 'Çita Koşu Egzersiz Topu', 850.00, 15, 'Oyuncak', 'https://images.pexels.com/photos/47730/the-ball-stadion-football-the-pitch-47730.jpeg?auto=compress&cs=tinysrgb&w=600', 'Oyuncak.'),
(44, 'jaguar', 'Jaguar İçin Su Havuzu', 5000.00, 5, 'Aksesuar', 'https://media.istockphoto.com/id/1133409356/tr/foto%C4%9Fraf/jaguar-havuza-atlamak.jpg?s=170667a&w=0&k=20&c=CoU2UVh7a9-V5cxVpzjdGoNtssd8NirL10FFPrwZwNM=', 'Aksesuar.'),
(45, 'snow leopard', 'Soğuk İklim Yalıtımlı Mağara', 4200.00, 8, 'Kafes', 'https://encrypted-tbn0.gstatic.com/images?q=tbn:ANd9GcTdnKFu0gsOysMEy6pleh8Os9VlvBhWhaMAxQ&s', 'Kafes.'),
(46, 'cougar', 'Dağ Aslanı Kemirme Kütüğü', 300.00, 40, 'Oyuncak', 'https://productimages.hepsiburada.net/s/28/375-375/10227519782962.jpg', 'Oyuncak.'),
(47, 'serval', 'Serval Kedisi İçin Zıplama Rampası', 1200.00, 20, 'Aksesuar', 'https://productimages.hepsiburada.net/s/777/375-375/110001026298704.jpg', 'Aksesuar.'),
(48, 'ocelot', 'Oselo İçin Küçük Av Simülatörü', 650.00, 25, 'Oyuncak', 'https://www.snglab.com.tr/image/cache/catalog/LF03632-main-1200Wx1200H-483x604.jpg', 'Oyuncak.'),
(49, 'caracal', 'Karakulak Tüy Bakım Seti', 150.00, 60, 'Bakım', 'https://m.media-amazon.com/images/I/51IJ0JnEimL._AC_UF1000,1000_QL80_.jpg', 'Bakım.'),
(50, 'siberian tiger', 'Sibirya Kaplanı İçin Isıtıcılı Zemin', 8000.00, 3, 'Kafes', 'https://encrypted-tbn0.gstatic.com/images?q=tbn:ANd9GcR91yDOK8UsrIuAj6dk-0G9vfAEgeHwEn3A3w&s', 'Kafes.'),
(51, 'wolf', 'Kurt Sürüsü İçin Büyük Kemik Paketi', 400.00, 50, 'Yem', 'https://encrypted-tbn0.gstatic.com/images?q=tbn:ANd9GcS12ykNBU-k7Bcubv3R8NkIQGiUiAuqt2AreQ&s', 'Yem.'),
(52, 'fennec fox', 'Çöl Tilkisi Isıtıcı Lamba', 350.00, 40, 'Bakım', 'https://productimages.hepsiburada.net/s/777/375-375/110001212576776.jpg', 'Bakım.'),
(53, 'maned wolf', 'Yeleli Kurt İçin Yüksek Çit', 2500.00, 10, 'Kafes', 'https://encrypted-tbn0.gstatic.com/images?q=tbn:ANd9GcSJYHByfurJslq-ZHyjEPHlbIU5M8EdNO3bMQ&s', 'Kafes.'),
(54, 'dhole', 'Yaban Köpeği Diş Kaşıyıcı', 120.00, 100, 'Oyuncak', 'https://encrypted-tbn0.gstatic.com/images?q=tbn:ANd9GcTWbSQcoeO3l0RqwbN-ntFpBuS3JXe7r5ZGDg&s', 'Oyuncak.'),
(55, 'tasmanian devil', 'Tazmanya Canavarı İçin Dayanıklı Oyuncak', 200.00, 30, 'Oyuncak', 'https://productimages.hepsiburada.net/s/31/375-375/10324198490162.jpg', 'Oyuncak.'),
(56, 'elephant', 'Fil İçin Dev Saman Balyası', 500.00, 100, 'Yem', 'https://encrypted-tbn0.gstatic.com/images?q=tbn:ANd9GcSLo11roJLtWvG6Yk3T_rwPX3aw7ibbL1s91g&s', 'Yem.'),
(57, 'zebra', 'Zebra İçin Tuz Bloğu', 150.00, 80, 'Yem', 'https://encrypted-tbn0.gstatic.com/images?q=tbn:ANd9GcSQd_l1YHIO9CT1DRbPhRig3VMg2pTD0xzGDg&s', 'Yem.'),
(58, 'giraffe', 'Zürafa Yemleme Sepeti (Yüksek Montaj)', 900.00, 20, 'Aksesuar', 'https://encrypted-tbn0.gstatic.com/images?q=tbn:ANd9GcRA0Gv63liTLm_-Qf19pGPxDWLDUuDL3VRvUA&s', 'Aksesuar.'),
(59, 'rhinoceros', 'Gergedan Deri Bakım Kremi', 300.00, 45, 'Bakım', 'https://encrypted-tbn0.gstatic.com/images?q=tbn:ANd9GcQH0EtbWPN53ck1ikOVAkKJTOp7EgBaqXZZuQ&s', 'Bakım.'),
(60, 'hippopotamus', 'Su Aygırı Havuz Filtresi', 4500.00, 5, 'Bakım', 'https://productimages.hepsiburada.net/s/63/375-375/110000004460416.jpg', 'Bakım.'),
(61, 'gazelle', 'Ceylan İçin Mineral Taşı', 80.00, 150, 'Yem', 'https://productimages.hepsiburada.net/s/111/375-375/110000058204344.jpg', 'Yem.'),
(62, 'wildebeest', 'Gnu İçin Kuru Ot Karışımı', 200.00, 60, 'Yem', 'https://encrypted-tbn0.gstatic.com/images?q=tbn:ANd9GcSLreZeW1B2xcuNp1Ejr-RMBqczQuSHuDjCXQ&s', 'Yem.'),
(63, 'springbok', 'Springbok Zıplama Engeli (Egzersiz)', 600.00, 10, 'Aksesuar', 'https://virajx.com//images/thumb/15856.jpg', 'Aksesuar.'),
(64, 'kudu', 'Kudu Boynuz Bakım Cilası', 120.00, 40, 'Bakım', 'https://encrypted-tbn0.gstatic.com/images?q=tbn:ANd9GcR3ixuFLSf9l6xksVsi5N2Hv75Uodc63VjISg&s', 'Bakım.'),
(65, 'oryx', 'Oryx İçin Çöl Kumu Zemin', 300.00, 25, 'Kafes', 'https://encrypted-tbn0.gstatic.com/images?q=tbn:ANd9GcTJABPW2sZIjz95Ku-xtOVLdKjqWi7I7ixbOQ&s', 'Kafes.'),
(66, 'baboon', 'Babun İçin Zeka Küpü', 250.00, 50, 'Oyuncak', 'https://encrypted-tbn0.gstatic.com/images?q=tbn:ANd9GcR3WIabMO3nYwOXrzbXYrlDSLonEbTPRCwRtw&s', 'Oyuncak.'),
(67, 'mandrill', 'Mandril İçin Meyve Tabağı', 100.00, 70, 'Yem', 'https://i.ytimg.com/vi/pBgqjrWxkGw/hq720.jpg?sqp=-oaymwEhCK4FEIIDSFryq4qpAxMIARUAAAAAGAElAADIQj0AgKJD&rs=AOn4CLC7y7oIZPFL0MiWWxoZiZlrM2kQmA', 'Yem.'),
(68, 'warthog', 'Yaban Domuzu Kaşınma Kütüğü', 180.00, 30, 'Aksesuar', 'https://m.media-amazon.com/images/I/71HIpewRmBL._AC_UF1000,1000_QL80_.jpg', 'Aksesuar.'),
(69, 'okapi', 'Okapi İçin Özel Yaprak Yemi', 350.00, 20, 'Yem', 'https://encrypted-tbn0.gstatic.com/images?q=tbn:ANd9GcQvFSI4rJV4KdqjSLhhlOQsDkawPIoEUiOYxQ&s', 'Yem.'),
(70, 'aardvark', 'Karıncayiyen İçin Yapay Termit Yuvası', 900.00, 15, 'Oyuncak', 'https://encrypted-tbn0.gstatic.com/images?q=tbn:ANd9GcTXIa4B1ZZt7VF1LnooH2yegYxb_04SbEShbQ&s', 'Oyuncak.'),
(71, 'bushbaby', 'Galago İçin Gece Lambası (Kırmızı Işık)', 150.00, 40, 'Aksesuar', 'https://encrypted-tbn0.gstatic.com/images?q=tbn:ANd9GcRk-gOkEPJDw1_KUQShHYEi5t3-SS5sJ7869Q&s', 'Aksesuar.'),
(72, 'panda', 'Taze Bambu Demeti (Günlük)', 200.00, 200, 'Yem', 'https://img.pixers.pics/pho_wat(s3:700/FO/37/42/49/26/700_FO37424926_49453b61695ec28a9ab871f31ab4281f.jpg,469,700,cms:2018/10/5bd1b6b8d04b8_220x50-watermark.png,over,249,650,jpg)/cikartmalar-yesil-bambu.jpg.jpg', 'Yem.'),
(73, 'red panda', 'Kızıl Panda Tırmanma İpi', 150.00, 60, 'Aksesuar', 'https://img.kwcdn.com/product/fancy/c3e4fbbb-18d4-4aab-8f55-40cc8cb77c5e.jpg?imageMogr2/auto-orient%7CimageView2/2/w/800/q/70/format/webp', 'Aksesuar.'),
(74, 'sloth', 'Tembel Hayvan Uyku Dalı', 300.00, 25, 'Kafes', 'https://static.daktilo.com/sites/64/uploads/2019/05/13/20190513-2-36426484-44420370-1557747585.jpg', 'Kafes.'),
(75, 'koala', 'Okaliptüs Yaprağı Özü', 180.00, 50, 'Yem', 'https://www.acibadem.com.tr/hayat/Images/YayinMakaleler/okaliptus-nedir-okaliptus%20yagi-faydalari_213415_1.gif', 'Yem.'),
(76, 'anteater', 'Karıncayiyen İçin Böcek Karışımı', 120.00, 80, 'Yem', 'https://img.fruugo.com/product/4/34/1323503344_max.jpg', 'Yem.'),
(77, 'tapir', 'Tapir İçin Çamur Banyosu Seti', 450.00, 15, 'Bakım', 'https://m.media-amazon.com/images/I/61f1hEmFipL.jpg', 'Bakım.'),
(78, 'alpaca', 'Alpaka Tüy Kırkma Makinesi', 850.00, 10, 'Bakım', 'https://m.media-amazon.com/images/I/41GfUS+BofS.jpg', 'Bakım.'),
(79, 'llama', 'Lama İçin Yük Semeri', 1200.00, 8, 'Aksesuar', 'https://encrypted-tbn0.gstatic.com/images?q=tbn:ANd9GcRb_8y-3Z9hCCwVsKP4EMI8LbM5SiSUxQ3jCQ&s', 'Aksesuar.'),
(80, 'vicuna', 'Vikunya İçin Kuru Yonca', 150.00, 60, 'Yem', 'https://productimages.hepsiburada.net/s/5/375/9694878007346.jpg/format:webp', 'Yem.'),
(81, 'capybara', 'Kapibara İçin Sıcak Su Havuzu', 3000.00, 5, 'Kafes', 'https://img4.dhresource.com/webp/m/0x0/f3/albu/ys/y/28/a78d8302-eefe-4a64-97fd-44f8da6dc6d9.jpg', 'Kafes.'),
(82, 'armadillo', 'Armadillo Kazma Alanı (Kum)', 200.00, 30, 'Aksesuar', 'https://m.media-amazon.com/images/I/71kBVmpAYZL._UF1000,1000_QL80_.jpg', 'Aksesuar.'),
(83, 'chinchilla', 'Çinçilla İçin Volkanik Kum Banyosu', 80.00, 100, 'Bakım', 'https://img4.dhresource.com/webp/m/0x0/f3/albu/jc/s/13/3649874c-f4eb-4f5a-bc27-0a8bbfd461cd.jpg', 'Bakım.'),
(84, 'kangaroo', 'Kanguru Boks Torbası', 500.00, 20, 'Oyuncak', 'https://static.ticimax.cloud/cdn-cgi/image/width=540,quality=85/3334/uploads/urunresimleri/buyuk/boks-torbalari-avessa-kum-saati-sekill-e2c383.jpg', 'Oyuncak.'),
(85, 'wallaby', 'Kanguru Yavrusu Kesesi (Yapay)', 150.00, 40, 'Aksesuar', 'https://img.alkapida.com/images/products/i/105/e20939f42bd311297521bdcae661bf75_zoom.jpg', 'Aksesuar.'),
(86, 'platypus', 'Ornitorenk İçin Su Tankı', 2500.00, 5, 'Kafes', 'https://m.media-amazon.com/images/I/51ZC+9IOhsL._UF1000,1000_QL80_.jpg', 'Kafes.'),
(87, 'echidna', 'Dikenli Karıncayiyen Yemi', 110.00, 50, 'Yem', 'https://encrypted-tbn0.gstatic.com/images?q=tbn:ANd9GcTFRws2dqi9wRsJdUjtL2tYbGVuts3vUEoMVQ&s', 'Yem.'),
(88, 'binturong', 'Binturong İçin Meyve Sepeti', 130.00, 45, 'Yem', 'https://encrypted-tbn0.gstatic.com/images?q=tbn:ANd9GcQ2zWXIC2qyrNu10NKb-oZE9RjHrvOreB8udg&s', 'Yem.'),
(89, 'monkey', 'Maymun Tırmanma Zinciri', 85.00, 80, 'Aksesuar', 'https://st2.depositphotos.com/2218438/6222/v/600/depositphotos_62223081-stock-video-monkey-chimpanzee-climbing-on-ladder.jpg', 'Aksesuar.'),
(90, 'gorilla', 'Goril İçin Güçlendirilmiş Salıncak', 1500.00, 10, 'Oyuncak', 'https://m.media-amazon.com/images/I/513wKKN7mcL._AC_UF1000,1000_QL80_.jpg', 'Oyuncak.'),
(91, 'chimpanzee', 'Şempanze Zeka Testi Oyunu', 400.00, 30, 'Oyuncak', 'https://storage.evrimagaci.org/old/content_media/309381cc26d581dfe788e57302f40426.jpg', 'Oyuncak.'),
(92, 'orangutan', 'Orangutan İçin Battaniye', 120.00, 50, 'Aksesuar', 'https://img.kwcdn.com/product/Fancyalgo/VirtualModelMatting/16a7ee1dca7657e6d60a9374359d4eda.jpg?imageMogr2/auto-orient%7CimageView2/2/w/800/q/70/format/webp', 'Aksesuar.'),
(93, 'lemur', 'Lemur Meyve Şişi', 60.00, 100, 'Yem', 'https://www.knpist.com/idea/jw/19/myassets/products/072/meyve-sisli-kanepe-cilek_min.jpg?revision=1697143329', 'Yem.'),
(94, 'aye-aye', 'Aye-Aye İçin Böcekli Kütük', 200.00, 20, 'Yem', 'https://image.made-in-china.com/202f0j00hoYqwMpClKbi/Wooden-Insect-House-Hanging-Hotel-for-Insect-Hotels-for-Bee-Butterfly-and-Beetle-Tree-of-Life-Multi-Habitat-Insect-House.webp', 'Yem.'),
(95, 'marmoset', 'Marmoset İçin Mini Hamak', 90.00, 60, 'Aksesuar', 'https://m.media-amazon.com/images/I/71AWdiigtyL._UF1000,1000_QL80_.jpg', 'Aksesuar.'),
(96, 'tarsier', 'Tarsier İçin Canlı Çekirge', 50.00, 200, 'Yem', 'https://st2.depositphotos.com/16211906/43797/i/950/depositphotos_437975380-stock-photo-dry-fried-grasshopper-or-locust.jpg', 'Yem.'),
(97, 'gibbon', 'Gibbon İçin Akrobatik Halka', 350.00, 25, 'Oyuncak', 'https://m.media-amazon.com/images/I/61zq+FTNMQL._UF1000,1000_QL80_.jpg', 'Oyuncak.'),
(98, 'penguin', 'Penguen İçin Buz Platformu', 800.00, 15, 'Kafes', 'https://static.birgun.net/resim/haber-detay-resim/2019/04/25/binlerce-bebek-penguen-buz-tabakasinin-parcalanmasi-nedeniyle-bogularak-oldu-581311-5.jpg', 'Kafes.'),
(99, 'polar bear', 'Kutup Ayısı İçin Dev Buz Küpü', 200.00, 40, 'Oyuncak', 'https://bilimgenc.tubitak.gov.tr/sites/default/files/ayi_0.jpg', 'Oyuncak.'),
(100, 'walrus', 'Mors Diş Kaşıyıcı (Kauçuk)', 450.00, 20, 'Oyuncak', 'https://encrypted-tbn0.gstatic.com/images?q=tbn:ANd9GcQgLGJIAyefJGvkPX4_ZHIj7Gn-mxZqxQtmag&s', 'Oyuncak.'),
(101, 'seal', 'Fok Balığı Eğitim Topu', 150.00, 50, 'Oyuncak', 'https://encrypted-tbn0.gstatic.com/images?q=tbn:ANd9GcQrO7cDvd_9K77AVL7pKlsgB5cesN0xRGGNNQ&s', 'Oyuncak.'),
(102, 'dolphin', 'Yunus Eğitim Halkası', 200.00, 30, 'Oyuncak', 'https://encrypted-tbn0.gstatic.com/images?q=tbn:ANd9GcQZYdENpbuVdcDU1WBKKix7A_fgQ_XBbMDpLw&s', 'Oyuncak.'),
(103, 'whale', 'Balina İçin Plankton Karışımı', 500.00, 100, 'Yem', 'https://encrypted-tbn0.gstatic.com/images?q=tbn:ANd9GcQcCbViBRNF_AeHcZRBxPkP3C5fB9ezr9z-Lg&s', 'Yem.'),
(104, 'narwhal', 'Narval İçin Derin Su Simülatörü', 15000.00, 1, 'Kafes', 'https://www.defenceturk.net/wp-content/uploads/2022/10/NARVAL-1006-SAHA-EXPO-2022-1.jpg', 'Kafes.'),
(105, 'manatee', 'Manati İçin Deniz Marulu', 120.00, 80, 'Yem', 'https://encrypted-tbn0.gstatic.com/images?q=tbn:ANd9GcQ8RUtto9NdvS3Y9t08FQy6GzOC2p8iYQGS2Q&s', 'Yem.'),
(106, 'sea otter', 'Su Samuru İçin Kabuklu Deniz Ürünü', 180.00, 60, 'Yem', 'https://fibropol.com/wp-content/uploads/2023/09/Shellfish-Depuration.jpg', 'Yem.'),
(107, 'puffin', 'Puffin İçin Küçük Balık Yemi', 90.00, 100, 'Yem', 'https://www.ozelyem.com/tetra-micro-pellets-balik-yemi-100-ml-amerikan-chiclid-yemleri-tetra-9571-37-B.jpg', 'Yem.'),
(108, 'beluga', 'Beluga İçin Sesli Oyuncak', 300.00, 25, 'Oyuncak', 'https://m.media-amazon.com/images/S/aplus-media/sc/a4677c97-a787-46e2-8de1-0154bfdc07b0.__CR0,0,970,600_PT0_SX970_V1___.jpg', 'Oyuncak.'),
(109, 'komodo dragon', 'Komodo Ejderi İçin Isıtıcılı Kaya', 600.00, 15, 'Kafes', 'https://m.media-amazon.com/images/I/61C56LCmcmL._AC_UF1000,1000_QL80_.jpg', 'Kafes.'),
(110, 'python', 'Piton İçin Tırmanma Dalı (XL)', 250.00, 30, 'Aksesuar', 'https://m.media-amazon.com/images/I/71HPkmeMJcL.jpg', 'Aksesuar.'),
(111, 'anaconda', 'Anakonda İçin Büyük Su Havuzu', 1500.00, 5, 'Kafes', 'https://m.media-amazon.com/images/I/71Df1UOQndL._AC_UF350,350_QL80_.jpg', 'Kafes.'),
(112, 'king cobra', 'Kral Kobra İçin Güvenli Mağara', 350.00, 20, 'Aksesuar', 'https://encrypted-tbn0.gstatic.com/images?q=tbn:ANd9GcTnI4-tWRiLwiBIrufmK1V_52CiPXKDra-tQg&s', 'Aksesuar.'),
(113, 'alligator', 'Timsah Yemi (Bütün Tavuk)', 50.00, 100, 'Yem', 'https://encrypted-tbn0.gstatic.com/images?q=tbn:ANd9GcQo-lRvbYyQgXK1HR9SDEeH34Fhj2mAvRZlBQ&s', 'Yem.'),
(114, 'crocodile', 'Timsah İçin Çamurlu Zemin', 400.00, 10, 'Kafes', 'https://encrypted-tbn0.gstatic.com/images?q=tbn:ANd9GcRWz6LUhQYXpWvA4FUPGOnb-1C4dzOwaUOasg&s', 'Kafes.'),
(115, 'chameleon', 'Bukalemun İçin Renkli Bitki Dekoru', 120.00, 50, 'Aksesuar', 'https://productimages.hepsiburada.net/s/777/375-375/110000695122683.jpg', 'Aksesuar.'),
(116, 'gecko', 'Gecko İçin Canlı Kurtçuk', 45.00, 200, 'Yem', 'https://sifagida.com/wp-content/uploads/2024/04/unkurdu.webp', 'Yem.'),
(117, 'iguana', 'İguana İçin UVB Işık Lambası', 250.00, 40, 'Bakım', 'https://encrypted-tbn0.gstatic.com/images?q=tbn:ANd9GcTuE3KZ3f9fUFmxpu7JiWFvhjiZwQT25ZvG4A&s', 'Bakım.'),
(118, 'axolotl', 'Aksolotl Su Düzenleyici', 90.00, 80, 'Bakım', 'https://www.canlipetshop.com/image/cache/catalog/seachem-axolotl-conditone1-247x879.jpg', 'Bakım.'),
(119, 'poison dart frog', 'Zehirli Kurbağa İçin Nemlendirici', 300.00, 25, 'Bakım', 'https://sc04.alicdn.com/kf/H6b6ab6e85ad9479fa93fe0ecf7e54bael.jpg', 'Bakım.'),
(120, 'gila monster', 'Gila Canavarı İçin Kum', 80.00, 60, 'Aksesuar', 'https://www.mamaal.com/trixie-surungen-teraryum-col-kumu-5-kg-kirmizi-iguana-yemleri-ve-bakim-urunleri-trixie-492333-55-B.jpg', 'Aksesuar.'),
(121, 'snapping turtle', 'Isıran Kaplumbağa İçin Dayanıklı Yem', 100.00, 70, 'Yem', 'https://www.ozelyem.com/sera-raffy-p-nature-kaplumbaga-yemi-1000-ml-200-gr-acik-kaplumbaga-ve-surungen-yemleri-sera-9013-60-B.jpg', 'Yem.'),
(122, 'toucan', 'Tukan İçin Meyve Peleti', 110.00, 80, 'Yem', 'https://encrypted-tbn0.gstatic.com/images?q=tbn:ANd9GcTXuzxlBZVs9NlA4Ohj0rln33GdfatzffbQTw&s', 'Yem.'),
(123, 'flamingo', 'Flamingo İçin Karides Unu', 150.00, 60, 'Yem', 'https://aquatechyem.com/wp-content/uploads/2025/03/847.jpg', 'Yem.'),
(124, 'macaw', 'Makav İçin Büyük Ceviz', 60.00, 150, 'Yem', 'https://encrypted-tbn0.gstatic.com/images?q=tbn:ANd9GcRn55VEKCoZHzljD1rH7FmUzKjU3Y8flvvEHw&s', 'Yem.'),
(125, 'cockatoo', 'Kakadu Tüy Parlatıcı Sprey', 90.00, 40, 'Bakım', 'https://productimages.hepsiburada.net/s/777/375-375/110000816100477.jpg', 'Bakım.'),
(126, 'quetzal', 'Ketzal İçin Özel Tünek', 200.00, 20, 'Kafes', 'https://cdn.dsmcdn.com/mnresize/400/-/ty1723/prod/QC_ENRICHMENT/20250810/00/84434498-a209-33ef-a803-10feb7806297/1_org_zoom.jpg', 'Kafes.'),
(127, 'cassowary', 'Cassowary İçin Geniş Alan Çiti', 1500.00, 5, 'Kafes', 'https://encrypted-tbn0.gstatic.com/images?q=tbn:ANd9GcSsIcch4epaXKJhAqPk5WgooWXWlAOq_4lSpQ&s', 'Kafes.'),
(128, 'emu', 'Emu Koşu Sahası Kumu', 300.00, 30, 'Aksesuar', 'https://encrypted-tbn0.gstatic.com/images?q=tbn:ANd9GcTQ9YDD1uNkpxRwrBEAt22Q91SKOy8uT5H4rA&s', 'Aksesuar.'),
(129, 'ostrich', 'Devekuşu Yumurta Kuluçka Makinesi', 2500.00, 5, 'Bakım', 'https://encrypted-tbn0.gstatic.com/images?q=tbn:ANd9GcQ43n0IIGhirV-onv2qLP4_kTfwEp4p8Z2l_Q&s', 'Bakım.'),
(130, 'peacock', 'Tavuskuşu Tüy Vitamini', 120.00, 50, 'Bakım', 'https://iis-akakce.akamaized.net/p.x?https%3A%2F%2Fimg%2Epttavm%2Ecom%2Fpimages%2F592%2F133%2F549%2Fb914e7e4%2D96d2%2D407a%2Da156%2Df4169102f860%2Ewebp%3Fv%3D202402141157', 'Bakım.'),
(131, 'condor', 'Kondor İçin Yüksek Platform', 800.00, 10, 'Kafes', 'https://image.made-in-china.com/318f0j00RTfGvhrFOVWZ/xxJdC6yQbrOzhELN5cD-mp4-325755827706-mp4-264-hd-mp4.webp', 'Kafes.'),
(132, 'vulture', 'Akbaba İçin Kemik Parçaları', 50.00, 100, 'Yem', 'https://www.kolaymama.com/esca-food-press-naturel-kemik-kopek-odulu-300-gr-30-cm-xlarge-kopek-odulleri-esca-food-97837-19-B.jpg', 'Yem.'),
(133, 'hornbill', 'Boynuzgaga İçin Yuva Kutusu', 400.00, 15, 'Kafes', 'https://m.media-amazon.com/images/I/611nm6V-yxL._AC_UF1000,1000_QL80_.jpg', 'Kafes.'),
(134, 'kiwi', 'Kivi Kuşu İçin Zemin Örtüsü', 100.00, 50, 'Aksesuar', 'https://images-eu.ssl-images-amazon.com/images/I/71joHD8cB0L._AC_UL375_SR375,375_.jpg', 'Aksesuar.'),
(135, 'vampire bat', 'Yarasa İçin Yapay Mağara Tavanı', 25000.00, 20, 'Kafes', 'https://encrypted-tbn0.gstatic.com/images?q=tbn:ANd9GcTlbSpR_0OfdoUE9e61X_4JKxgp992UTogY5g&s', 'Kafes.'),
(136, 'tarantula', 'Tarantula İçin Nemli Toprak', 6000.00, 80, 'Aksesuar', 'https://m.media-amazon.com/images/I/91OXTroqGHS._UF1000,1000_QL80_.jpg', 'Aksesuar.'),
(137, 'scorpion', 'Akrep İçin UV Işıklı Cımbız', 120.00, 40, 'Bakım', 'https://www.repairtoolssupplier.com/upfile/product/Kingsdun-8pcs-Professional-Anti-Static-Long-Tweezer-Kit-for-Electronic-Repairing.jpg', 'Bakım.'),
(138, 'salamander', 'Semender İçin Islak Yosun', 70.00, 60, 'Aksesuar', 'https://m.media-amazon.com/images/I/81RVNZDqjAL.jpg', 'Aksesuar.'),
(139, 'giant otter', 'Dev Su Samuru Kaydırağı', 900.00, 5, 'Oyuncak', 'https://cdn.duyumarket.com.tr/images/product/381882f9-3f18-4362-8072-d596ae6cd461_33491306.jpg?quality=70&sharpen=false', 'Oyuncak.'),
(140, 'fossa', 'Fossa İçin Tırmanma Kulesi', 600.00, 10, 'Kafes', 'https://encrypted-tbn0.gstatic.com/images?q=tbn:ANd9GcSgdSGBVt_51Hxx0jpAU2VtWjOkJYWyZHmrMw&s', 'Kafes.'),
(141, 'marten', 'Sansar İçin Koşu Tüneli', 150.00, 35, 'Oyuncak', 'https://img.joomcdn.net/84724bac152bdc67299900d9f3e1d77c49dfd427_original.jpeg', 'Oyuncak.');

-- 2. KULLANICILARI EKLE
INSERT INTO "Users" ("Id", "FullName", "Email", "Password", "CreatedAt", "Role") VALUES 
(1, 'heh', 'enes123854@gmail.com', '123', '2025-12-10T03:31:14.6409526', 2);

-- 3. SİPARİŞLERİ EKLE
INSERT INTO "Orders" ("Id", "UserId", "OrderDate", "TotalAmount", "Status", "FullName", "Email", "Phone", "Address", "City", "PostalCode", "PaymentMethod") VALUES 
(2, NULL, '2025-12-10T03:38:03.6644591', 173.00, 'Onaylandı', 'Misafir Kullanıcı', 'enes123854@gmail.com', '5550000000', 'Hızlı Sipariş (Adres Girilmedi)', 'İstanbul', '34000', 'Hızlı Ödeme'),
(3, NULL, '2025-12-10T03:40:47.2700205', 173.00, 'Onaylandı', 'Misafir Kullanıcı', 'enes123854@gmail.com', '5550000000', 'Hızlı Sipariş (Adres Girilmedi)', 'İstanbul', '34000', 'Hızlı Ödeme'),
(4, 1, '2025-12-10T03:45:49.6889089', 123542.00, 'Onaylandı', 'dasd', 'enes123854@gmail.com', '5550000000', 'Hızlı Sipariş (Adres Girilmedi)', 'İstanbul', '34000', 'Hızlı Ödeme'),
(5, 1, '2025-12-11T02:47:29.3426738', 5650.00, 'Onaylandı', 'dasd', 'enes123854@gmail.com', '5550000000', 'Hızlı Sipariş (Adres Girilmedi)', 'İstanbul', '34000', 'Hızlı Ödeme'),
(6, 1, '2025-12-11T02:47:39.2289664', 4800.00, 'Hazırlanıyor', 'dasd', 'enes123854@gmail.com', '5550000000', 'Hızlı Sipariş (Adres Girilmedi)', 'İstanbul', '34000', 'Hızlı Ödeme'),
(7, 1, '2025-12-11T03:15:02.2501797', 1300.00, 'Hazırlanıyor', 'dasd', 'enes123854@gmail.com', '5550000000', 'Hızlı Sipariş (Adres Girilmedi)', 'İstanbul', '34000', 'Hızlı Ödeme'),
(8, NULL, '2025-12-11T03:17:10.7730729', 3550.00, 'Hazırlanıyor', 'Ahmet Yılmaz', 'musteri@ornek.com', '555 123 45 67', 'Hızlı Sipariş (Prototip Adresi)', 'İstanbul', '34000', 'Kredi Kartı (Sanal)'),
(9, NULL, '2025-12-11T03:19:21.9187536', 3550.00, 'Hazırlanıyor', 'Ahmet Yılmaz', 'musteri@ornek.com', '555 123 45 67', 'Hızlı Sipariş (Prototip Adresi)', 'İstanbul', '34000', 'Kredi Kartı (Sanal)'),
(10, NULL, '2025-12-11T03:20:41.1042717', 3550.00, 'Hazırlanıyor', 'Ahmet Yılmaz', 'musteri@ornek.com', '555 123 45 67', 'Hızlı Sipariş (Prototip Adresi)', 'İstanbul', '34000', 'Kredi Kartı (Sanal)'),
(11, 1, '2025-12-11T03:27:39.8421538', 900.00, 'Hazırlanıyor', 'Ahmet Yılmaz', 'enes123854@gmail.com', '555 123 45 67', 'Hızlı Sipariş (Prototip Adresi)', 'İstanbul', '34000', 'Kredi Kartı (Sanal)');

-- 4. SİPARİŞ DETAYLARINI EKLE
INSERT INTO "OrderItems" ("Id", "OrderId", "ProductId", "ProductName", "Quantity", "UnitPrice") VALUES 
(4, 4, 1, 'aslan eti', 1, 123123.00),
(5, 5, 3, 'Premium Aslan Vitamini (5kg)', 1, 1250.00),
(6, 5, 4, 'Büyük Kedi Tırmalama Kütüğü', 1, 3500.00),
(7, 5, 5, 'Güçlendirilmiş Et Takviyesi', 1, 850.00),
(8, 6, 3, 'Premium Aslan Vitamini (5kg)', 1, 1250.00),
(9, 6, 4, 'Büyük Kedi Tırmalama Kütüğü', 1, 3500.00),
(10, 7, 3, 'Premium Aslan Vitamini (5kg)', 1, 1250.00),
(11, 8, 4, 'Büyük Kedi Tırmalama Kütüğü', 1, 3500.00),
(12, 9, 4, 'Büyük Kedi Tırmalama Kütüğü', 1, 3500.00),
(13, 10, 4, 'Büyük Kedi Tırmalama Kütüğü', 1, 3500.00),
(14, 11, 5, 'Güçlendirilmiş Et Takviyesi', 1, 850.00);

  
-- 5. MIGRATION GEÇMİŞİNİ KAYDET (Önemli)
INSERT INTO "__EFMigrationsHistory" ("MigrationId", "ProductVersion") VALUES 
('20251210002629_AddCheckoutFields', '8.0.11'),
('20251210232506_AddDescriptionToProduct', '8.0.11');

-- 6. KRİTİK ADIM: ID SAYAÇLARINI GÜNCELLE (Bunu yapmazsak hata verir)
SELECT setval(pg_get_serial_sequence('"Products"', 'Id'), COALESCE((SELECT MAX("Id") + 1 FROM "Products"), 1), false);
SELECT setval(pg_get_serial_sequence('"Users"', 'Id'), COALESCE((SELECT MAX("Id") + 1 FROM "Users"), 1), false);
SELECT setval(pg_get_serial_sequence('"Orders"', 'Id'), COALESCE((SELECT MAX("Id") + 1 FROM "Orders"), 1), false);
SELECT setval(pg_get_serial_sequence('"OrderItems"', 'Id'), COALESCE((SELECT MAX("Id") + 1 FROM "OrderItems"), 1), false);